swmatrix_pin,name,v1_pin,v3_pin,Waferspace_COB_Pin,V1_Chip_PCB_Net_Name,Ideal Name (not used)
0,CLK,3,24,27,CLK,CLK
0,DATA,4,25,28,DATA,DATA
0,EN,2,26,31,ENABLE,EN
0,BUS1,0,61,68,,BUS1
0,BUS2,0,60,67,,BUS2
0,BUS3,0,59,66,,BUS3
0,BUS4,0,58,65,,BUS4
0,BUS5,0,57,64,,BUS5
0,BUS6,0,56,N/A,,N/A
1,VDD,1,VDD,"29,30",VDD,VDD
2,VSS,18,VSS,"1,20,38,57",VSS,GND
3,NMOS_CM_ARRAY_IOUT_16X,24,62,69,ISINK_16,ISINK_16
4,NMOS_CM_ARRAY_IOUT_8X,23,63,70,ISINK_8,ISINK_8
5,NMOS_CM_ARRAY_IOUT_4X,22,64,71,ISINK_4,ISINK_4
6,NMOS_CM_ARRAY_IOUT_2X,21,65,72,ISINK_2,ISINK_2
7,NMOS_CM_ARRAY_IOUT_1X,20,66,73,ISINK_1,ISINK_1
8,NMOS_CM_ARRAY_IREF,19,67,74,ISINK_REF,ISINK_REF
9,NMOS_OTA_INP,32,0,2,OTA_N_INP,OTA_N_INP
10,NMOS_OTA_INN,33,1,3,OTA_N_INN,OTA_N_INN
11,NMOS_OTA_OUT,34,2,4,OTA_N_OUT,OTA_N_OUT
12,NMOS_CM_IREF,26,3,5,ISINK_REF2,ISINK_REF2
13,NMOS_CM_IOUT,27,4,6,ISINK_REF2_CPY,ISINK_REF2_CPY
14,NMOS_DP_1X_A_D,35,5,7,NPAIR_A_DRAIN,NPAIR_A_DRAIN
15,NMOS_DP_1X_A_G,36,6,8,NPAIR_A_GATE,NPAIR_A_GATE
16,NMOS_DP_1X_A_S,37,7,9,NPAIR_A_SOURCE,NPAIR_A_SOURCE
17,NMOS_DP_1X_B_S,38,8,10,NPAIR_B_SOURCE,NPAIR_B_SOURCE
18,NMOS_DP_1X_B_G,39,9,11,NPAIR_B_GATE,NPAIR_B_GATE
19,NMOS_DP_1X_B_D,40,10,12,NPAIR_B_DRAIN,NPAIR_B_DRAIN
20,NMOS_DP_4X_A_D,41,11,13,NPAIR_4A_DRAIN,NPAIR_4A_DRAIN
21,NMOS_DP_4X_A_G,42,12,14,NPAIR_4A_GATE,NPAIR_4A_GATE
22,NMOS_DP_4X_A_S,43,13,15,NPAIR_4A_SOURCE,NPAIR_4A_SOURCE
23,NMOS_DP_4X_B_S,44,14,16,NPAIR_4B_SOURCE,NPAIR_4B_SOURCE
24,NMOS_DP_4X_B_G,45,15,17,NPAIR_4B_GATE,NPAIR_4B_GATE
25,NMOS_DP_4X_B_D,46,16,18,NPAIR_4B_DRAIN,NPAIR_4B_DRAIN
26,NMOS_CS_4x_A_D,29,17,19,NMOS_4A_DRAIN,NMOS_4A_DRAIN
27,NMOS_CS_4x_A_G,28,18,21,NMOS_4A_GATE,NMOS_4A_GATE
28,NMOS_CS_4x_B_D,31,19,22,NMOS_4B_DRAIN,NMOS_4B_DRAIN
29,NMOS_CS_4x_B_G,30,20,23,NMOS_4B_GATE,NMOS_4B_GATE
30,INV_16X_A_INN,48,21,24,INV_TPLGY16_2INN,INV_TPLGY16_1INN
31,INV_16X_A_OUT,49,22,25,INV_TPLGY16_2OUT,INV_TPLGY16_1OUT
32,INV_16X_A_INP,50,23,26,INV_TPLGY16_2INP,INV_TPLGY16_1INP
33,PMOS_CM_ARRAY_IOUT_16X,63,56,63,I_SOURCE_16,I_SOURCE_16
34,PMOS_CM_ARRAY_IOUT_8X,64,55,62,I_SOURCE_8,I_SOURCE_8
35,PMOS_CM_ARRAY_IOUT_4X,65,54,61,I_SOURCE_4,I_SOURCE_4
36,PMOS_CM_ARRAY_IOUT_2X,66,53,60,I_SOURCE_2,I_SOURCE_2
37,PMOS_CM_ARRAY_IOUT_1X,67,52,59,I_SOURCE_1,I_SOURCE_1
38,PMOS_CM_ARRAY_IREF,68,51,58,I_SOURCE_REF,I_SOURCE_REF
39,PMOS_OTA_INP,56,50,56,CMFB_OTA2_INP,CMFB_OTA2_INP
40,PMOS_OTA_INN,55,49,55,CMFB_OTA2_INN,CMFB_OTA2_INN
41,PMOS_OTA_OUT,54,48,54,CMFB_OTA2_OUT,CMFB_OTA2_OUT
42,PMOS_CM_IREF,62,47,53,I_SOURCE_REF2,I_SOURCE_REF2
43,PMOS_CM_IOUT,61,46,52,I_SOURCE_REF2_CPY,I_SOURCE_REF2_CPY
44,PMOS_DP_1x_A_D,12,45,51,PPAIR_B_DRAIN,PPAIR_A_DRAIN
45,PMOS_DP_1x_A_G,13,44,50,PPAIR_B_GATE,PPAIR_A_GATE
46,PMOS_DP_1x_A_S,14,43,49,PPAIR_B_SOURCE,PPAIR_A_SOURCE
47,PMOS_DP_1x_B_S,15,42,48,PPAIR_A_SOURCE,PPAIR_B_SOURCE
48,PMOS_DP_1x_B_G,16,41,47,PPAIR_A_GATE,PPAIR_B_GATE
49,PMOS_DP_1x_B_D,17,40,46,PPAIR_A_DRAIN,PPAIR_B_DRAIN
50,PMOS_DP_4x_A_D,6,39,45,PPAIR_4B_DRAIN,PPAIR_4A_DRAIN
51,PMOS_DP_4x_A_G,7,38,44,PPAIR_4B_GATE,PPAIR_4A_GATE
52,PMOS_DP_4x_A_S,8,37,43,PPAIR_4B_SOURCE,PPAIR_4A_SOURCE
53,PMOS_DP_4x_B_S,9,36,42,PPAIR_4A_SOURCE,PPAIR_4B_SOURCE
54,PMOS_DP_4x_B_G,10,35,41,PPAIR_4A_GATE,PPAIR_4B_GATE
55,PMOS_DP_4x_B_D,11,34,40,PPAIR_4A_DRAIN,PPAIR_4B_DRAIN
56,PMOS_CS_4x_A_D,57,33,39,PMOS_4B_DRAIN,PMOS_4A_DRAIN
57,PMOS_CS_4x_A_G,58,32,37,PMOS_4B_GATE,PMOS_4A_GATE
58,PMOS_CS_4x_B_D,59,31,36,PMOS_4A_DRAIN,PMOS_4B_DRAIN
59,PMOS_CS_4x_B_G,60,30,35,PMOS_4A_GATE,PMOS_4B_GATE
60,INV_16X_B_INN,51,29,34,INV_TPLGY16_1OUT,INV_TPLGY16_1INN
61,INV_16X_B_OUT,52,28,33,INV_TPLGY16_1INP,INV_TPLGY16_1OUT
62,INV_16X_B_INP,53,27,32,INV_TPLGY16_1INN,INV_TPLGY16_1INP
63,NMOS_INT_D_0,0,0,,,
64,NMOS_INT_G_0,0,0,,,
65,NMOS_INT_S_0,0,0,,,
66,NMOS_INT_D_1,0,0,,,
67,NMOS_INT_G_1,0,0,,,
68,NMOS_INT_S_1,0,0,,,
69,NMOS_INT_D_2,0,0,,,
70,NMOS_INT_G_2,0,0,,,
71,NMOS_INT_S_2,0,0,,,
72,NMOS_INT_D_3,0,0,,,
73,NMOS_INT_G_3,0,0,,,
74,NMOS_INT_S_3,0,0,,,
75,NMOS_INT_D_4,0,0,,,
76,NMOS_INT_G_4,0,0,,,
77,NMOS_INT_S_4,0,0,,,
78,NMOS_INT_D_5,0,0,,,
79,NMOS_INT_G_5,0,0,,,
80,NMOS_INT_S_5,0,0,,,
81,NMOS_INT_D_6,0,0,,,
82,NMOS_INT_G_6,0,0,,,
83,NMOS_INT_S_6,0,0,,,
84,NMOS_INT_D_7,0,0,,,
85,NMOS_INT_G_7,0,0,,,
86,NMOS_INT_S_7,0,0,,,
87,NMOS_INT_D_8,0,0,,,
88,NMOS_INT_G_8,0,0,,,
89,NMOS_INT_S_8,0,0,,,
90,NMOS_INT_D_9,0,0,,,
91,NMOS_INT_G_9,0,0,,,
92,NMOS_INT_S_9,0,0,,,
93,PMOS_INT_D_0,0,0,,,
94,PMOS_INT_G_0,0,0,,,
95,PMOS_INT_S_0,0,0,,,
96,PMOS_INT_D_1,0,0,,,
97,PMOS_INT_G_1,0,0,,,
98,PMOS_INT_S_1,0,0,,,
99,PMOS_INT_D_2,0,0,,,
100,PMOS_INT_G_2,0,0,,,
101,PMOS_INT_S_2,0,0,,,
102,PMOS_INT_D_3,0,0,,,
103,PMOS_INT_G_3,0,0,,,
104,PMOS_INT_S_3,0,0,,,
105,PMOS_INT_D_4,0,0,,,
106,PMOS_INT_G_4,0,0,,,
107,PMOS_INT_S_4,0,0,,,
108,PMOS_INT_D_5,0,0,,,
109,PMOS_INT_G_5,0,0,,,
110,PMOS_INT_S_5,0,0,,,
111,PMOS_INT_D_6,0,0,,,
112,PMOS_INT_G_6,0,0,,,
113,PMOS_INT_S_6,0,0,,,
114,PMOS_INT_D_7,0,0,,,
115,PMOS_INT_G_7,0,0,,,
116,PMOS_INT_S_7,0,0,,,
117,PMOS_INT_D_8,0,0,,,
118,PMOS_INT_G_8,0,0,,,
119,PMOS_INT_S_8,0,0,,,
120,PMOS_INT_D_9,0,0,,,
121,PMOS_INT_G_9,0,0,,,
122,PMOS_INT_S_9,0,0,,,
123,DFF_D_1,0,0,,,
124,DFF_Q_1,0,0,,,
125,DFF_CLK_1,0,0,,,
126,DFF_RST_1,0,0,,,
127,DFF_D_2,0,0,,,
128,DFF_Q_2,0,0,,,
129,DFF_CLK_2,0,0,,,
130,DFF_RST_2,0,0,,,